Insurer,Rate_Min (%),Rate_Max (%),Rate_Default (%),Min_Premium (KES),TPO_Rate (KES),Windscreen_Limit (KES),Towing_Limit (KES),Key_Inclusions,Key_Exclusions,Claims_Email,Claims_Portal
SanlamAllianz General (formerly Jubilee),3.5,4.25,3.88,30000,7500,50000,30000,"Collision, overturn, theft, fire, roadside assist, 3rd party liability, emergency medical","Commercial/ride-hail use without endorsement, intoxicated driving, unlicensed drivers",claims@ke.sanlamallianz.com,https://gisales.ke.sanlamallianz.com/
CIC General Insurance,3.75,4.5,4.13,30000,7500,50000,30000,"Impact damage, theft, fire, natural perils/floods, riot & strike, statutory 3rd party","Mechanical breakdown, consequential loss, wear & tear, commercial carriage/hire",claims@cic.co.ke,https://cic.co.ke/claims/
Britam,3.5,4.25,3.88,30000,7500,50000,30000,"Collision, fire, theft, spare wheel/tool cover, roadside towing, legal 3rd party liability","Outside territorial limits, war & terrorism, unauthorized use outside limitations",claims@britam.com,https://ke.britam.com/customer-service/make-a-claim
Old Mutual Kenya,4,4.75,4.38,35000,7500,50000,75000,"Own damage, fire, theft, 3rd party liability, special perils (Acts of God), emergency repairs","Courtesy car without add-on, intoxicated driving, overloading/unroadworthy use",generalclaims@oldmutual.co.ke,https://www.oldmutual.co.ke/personal/claims/
GA Insurance,3.5,4.25,3.88,28000,7500,50000,30000,"Own damage, theft, fire, riot/strike, free telematics/tracking on qualifying sums","Wear & tear, unlicensed driving, motor sport racing/speed testing",motorclaims@gakenya.com,https://gainsurance.com/kenya/contact-us/
APA Insurance,3.75,4.5,4.13,30000,7500,50000,30000,"Collision, theft, fire, riot & civil commotion, 3rd party injury/death, road rescue","Contractual liabilities, driving under the influence, inspection non-compliance",claims@apainsurance.org,https://apainsurance.org/claims/
Madison Insurance,3.5,4.5,4,25000,7500,30000,25000,"Impact, overturn, theft, fire, 3rd party liability, passenger medical expenses","Outside Kenya territorial borders, wilful damage, unauthorized commercial use",generalclaims@madison.co.ke,https://madison.co.ke/contact-us/
ICEA LION,3.75,4.5,4.13,32500,7500,50000,30000,"Own damage, fire, theft, natural perils, 3rd party liability, roadside assistance","Tyre damage only, unlicensed driving, political violence/terrorism (unless endorsed)",insuranceclaims@icealion.com,https://icealion.co.ke/customer-service/make-a-claim/
Mayfair Insurance,3.5,4,3.75,25000,7500,30000,25000,"Impact damage, fire, theft, 3rd party liability, medical assistance, accident towing","Commercial taxi use, intoxicated operation, undeclared performance modifications",claims@mayfair.co.ke,https://mayfairinsurance.co.ke/contact-us/
Directline Assurance,3.5,3.5,3.5,25000,7500,30000,20000,"Collision impact, accidental fire, theft, statutory third-party liabilities","Carrying passengers for commercial reward, intoxication, late claims notification",claims@directline.co.ke,https://directline.co.ke/contact-us/