Make,Model,Category,Engine/Classification,Base Value 2025(KES)
BAJAJ,Boxer BM 100,Motorcycle,100cc Commuter,"135,000"
BAJAJ,Boxer BM 150,Motorcycle,150cc Commuter,"165,000"
BAJAJ,Pulsar 150,Motorcycle,150cc Street,"210,000"
BAJAJ,Pulsar 200 NS,Motorcycle,200cc Street,"320,000"
TVS,Star HLX 100,Motorcycle,100cc Commuter,"138,000"
TVS,Star HLX 125,Motorcycle,125cc Commuter,"155,000"
TVS,Star HLX 150,Motorcycle,150cc Commuter,"175,000"
TVS,Apache RTR 160,Motorcycle,160cc Street,"240,000"
TVS,Apache RTR 200,Motorcycle,200cc Street,"345,000"
HONDA,Ace CB 125,Motorcycle,125cc Commuter,"160,000"
HONDA,XL 125,Motorcycle,125cc Trail/Off-Road,"380,000"
HONDA,XR 150L,Motorcycle,150cc Dual-Sport,"420,000"
YAMAHA,Crux 110,Motorcycle,110cc Commuter,"145,000"
YAMAHA,YBR 125,Motorcycle,125cc Commuter,"225,000"
YAMAHA,DT 125,Motorcycle,125cc Enduro,"450,000"
YAMAHA,MT-07,Motorcycle,689cc Sport/Naked,"1,150,000"
HAOJUE,HJ 125-8,Motorcycle,125cc Commuter,"150,000"
HAOJUE,HJ 150,Motorcycle,150cc Commuter,"175,000"
HERO,Hunter 100,Motorcycle,100cc Commuter,"130,000"
HERO,Dawn 125,Motorcycle,125cc Commuter,"150,000"
SUZUKI,TF 125,Motorcycle,125cc Farm/Trail,"360,000"
SUZUKI,Gixxer 150,Motorcycle,155cc Street,"260,000"
KTM,Duke 200,Motorcycle,200cc Street,"480,000"
KTM,Duke 390,Motorcycle,373cc Street,"720,000"
BMW,R 1250 GS,Motorcycle,1254cc Adventure,"3,450,000"
KAWASAKI,Ninja 400,Motorcycle,399cc Sport,"850,000"
AIWAYS,U5,Car,1000cc-1300cc Hatchback,"11,50,000"
TOYOTA,Vitz,Car,1000cc-1300cc Hatchback,"1,050,000"
TOYOTA,Passo,Car,1000cc Hatchback,"850,000"
TOYOTA,Fielder,Car,1500cc Station Wagon,"1,650,000"
TOYOTA,Axio,Car,1500cc Saloon,"1,550,000"
TOYOTA,Premio,Car,1500cc-1800cc Saloon,"2,100,000"
TOYOTA,Allion,Car,1500cc-1800cc Saloon,"1,950,000"
TOYOTA,RAV4,Car,2000cc-2500cc SUV,"3,400,000"
TOYOTA,Harrier,Car,2000cc-2500cc SUV,"3,850,000"
TOYOTA,Land Cruiser Prado,Car,2700cc-3000cc 4WD/SUV,"7,200,000"
TOYOTA,Land Cruiser V8,Car,4500cc-4600cc 4WD/SUV,"12,800,000"
NISSAN,Note,Car,1200cc Hatchback,"980,000"
NISSAN,March,Car,1200cc Hatchback,"750,000"
NISSAN,Sylphy,Car,1500cc-1800cc Saloon,"1,350,000"
NISSAN,X-Trail,Car,2000cc SUV,"2,450,000"
HONDA,Fit,Car,1300cc-1500cc Hatchback,"1,100,000"
HONDA,Vezel,Car,1500cc SUV,"2,350,000"
HONDA,CR-V,Car,2000cc-2400cc SUV,"3,100,000"
MAZDA,Demio,Car,1300cc-1500cc Hatchback,"950,000"
MAZDA,Axela,Car,1500cc-2000cc Saloon/Hatch,"1,550,000"
MAZDA,CX-5,Car,2000cc-2200cc SUV,"2,650,000"
SUBARU,Impreza,Car,1600cc-2000cc Hatchback,"1,600,000"
SUBARU,XV,Car,2000cc Crossover,"2,200,000"
SUBARU,Forester,Car,2000cc-2500cc SUV,"2,850,000"
SUBARU,Outback,Car,2500cc Station Wagon,"3,250,000"
VOLKSWAGEN,Golf,Car,1400cc Hatchback,"1,750,000"
VOLKSWAGEN,Tiguan,Car,2000cc SUV,"3,150,000"
MERCEDES-BENZ,C-Class (C200),Car,1800cc-2000cc Saloon,"4,200,000"
MERCEDES-BENZ,E-Class (E250),Car,2000cc Saloon,"5,800,000"
BMW,3 Series (320i),Car,2000cc Saloon,"3,900,000"
BMW,X5,Car,3000cc SUV,"7,800,000"
SUZUKI,Swift,Car,1200cc Hatchback,"900,000"
SUZUKI,Jimny,Car,1500cc Mini SUV,"2,400,000"