Vehicle Model,Category,Engine/Classification,Base Value 2017 (KES)
Toyota Vitz,Car,1000cc - 1300cc Hatchback,1150000
Toyota Fielder,Car,1500cc Station Wagon,1750000
Toyota Axio,Car,1500cc Sedan,1650000
Honda Fit,Car,1300cc - 1500cc Hatchback,1200000
Mazda Demio,Car,1300cc - 1500cc Hatchback,1100000
Mazda CX-5,Car,2000cc - 2200cc Crossover SUV,2650000
Toyota Harrier,Car,2000cc - 2500cc Mid-Size SUV,3850000
Nissan X-Trail,Car,2000cc Crossover SUV,2250000
Bajaj Boxer 150,Motorcycle,150cc Commuter Motorcycle,85000
